<?xml version="1.0" encoding="UTF-8"?>
<project-private xmlns="http://www.netbeans.org/ns/project-private/1">
    <editor-bookmarks xmlns="http://www.netbeans.org/ns/editor-bookmarks/2" lastBookmarkId="0"/>
    <open-files xmlns="http://www.netbeans.org/ns/projectui-open-files/2">
        <group>
            <file>file:/C:/Users/Leyzoom/Documents/NetBeansProjects/UpStageLogin/src/java/beans/UserSession.java</file>
            <file>file:/C:/Users/Leyzoom/Documents/NetBeansProjects/UpStageLogin/src/java/database/DatabaseBean.java</file>
            <file>file:/C:/Users/Leyzoom/Documents/NetBeansProjects/UpStageLogin/web/home.jsp</file>
            <file>file:/C:/Users/Leyzoom/Documents/NetBeansProjects/UpStageLogin/src/java/servlets/UserAccountServlet.java</file>
        </group>
    </open-files>
</project-private>
