<?xml version="1.0" encoding="UTF-8"?>
<project-private xmlns="http://www.netbeans.org/ns/project-private/1">
    <editor-bookmarks xmlns="http://www.netbeans.org/ns/editor-bookmarks/2" lastBookmarkId="0"/>
    <open-files xmlns="http://www.netbeans.org/ns/projectui-open-files/2">
        <group>
            <file>file:/C:/Users/minju/Documents/GitHub/NewUpStage/member_registration/src/conf/MANIFEST.MF</file>
            <file>file:/C:/Users/minju/Documents/GitHub/NewUpStage/member_registration/web/check_input.js</file>
            <file>file:/C:/Users/minju/Documents/GitHub/NewUpStage/member_registration/web/index.html</file>
            <file>file:/C:/Users/minju/Documents/GitHub/NewUpStage/member_registration/src/java/POJO/ConnectToDatabase.java</file>
            <file>file:/C:/Users/minju/Documents/GitHub/NewUpStage/member_registration/web/user_signup.jsp</file>
            <file>file:/C:/Users/minju/Documents/GitHub/NewUpStage/member_registration/src/java/POJO/SignupRequest.java</file>
            <file>file:/C:/Users/minju/Documents/GitHub/NewUpStage/member_registration/web/admin_confirm_signup.jsp</file>
            <file>file:/C:/Users/minju/Documents/GitHub/NewUpStage/member_registration/web/assets/js/custom.js</file>
            <file>file:/C:/Users/minju/Documents/GitHub/NewUpStage/member_registration/src/java/servlets/signup_request.java</file>
            <file>file:/C:/Users/minju/Documents/GitHub/NewUpStage/member_registration/web/admin_signup.jsp</file>
            <file>file:/C:/Users/minju/Documents/GitHub/NewUpStage/member_registration/web/assets/css/custom.css</file>
            <file>file:/C:/Users/minju/Documents/GitHub/NewUpStage/member_registration/web/assets/css/font-awesome.css</file>
            <file>file:/C:/Users/minju/Documents/GitHub/NewUpStage/member_registration/check_signup_input.js</file>
            <file>file:/C:/Users/minju/Documents/GitHub/NewUpStage/member_registration/src/java/servlets/CheckUsernameAvailability.java</file>
            <file>file:/C:/Users/minju/Documents/GitHub/NewUpStage/member_registration/web/admin_page.jsp</file>
            <file>file:/C:/Users/minju/Documents/GitHub/NewUpStage/member_registration/web/user_signup_confirmation.jsp</file>
            <file>file:/C:/Users/minju/Documents/GitHub/NewUpStage/member_registration/web/WEB-INF/web.xml</file>
        </group>
    </open-files>
</project-private>
